{"assets/.DS_Store":["assets/.DS_Store"],"assets/2.png":["assets/2.png"],"assets/logo.png":["assets/logo.png"],"assets/logo_op.png":["assets/logo_op.png"],"assets/logo_png.png":["assets/logo_png.png"],"assets/newspaper.png":["assets/newspaper.png"],"assets/top_left.png":["assets/top_left.png"],"fonts/Almarai-Bold.ttf":["fonts/Almarai-Bold.ttf"],"fonts/Almarai-ExtraBold.ttf":["fonts/Almarai-ExtraBold.ttf"],"fonts/Almarai-Light.ttf":["fonts/Almarai-Light.ttf"],"fonts/Almarai-Regular.ttf":["fonts/Almarai-Regular.ttf"],"fonts/MyFlutterApp.ttf":["fonts/MyFlutterApp.ttf"],"fonts/NotoSansArabic-Black.ttf":["fonts/NotoSansArabic-Black.ttf"],"fonts/NotoSansArabic-Bold.ttf":["fonts/NotoSansArabic-Bold.ttf"],"fonts/NotoSansArabic-Regular.ttf":["fonts/NotoSansArabic-Regular.ttf"],"fonts/alfont.ttf":["fonts/alfont.ttf"],"fonts/arab_bold.ttf":["fonts/arab_bold.ttf"],"fonts/arab_normal.ttf":["fonts/arab_normal.ttf"],"fonts/arabicfont.ttf":["fonts/arabicfont.ttf"],"fonts/arial-bold.ttf":["fonts/arial-bold.ttf"],"fonts/arial.ttf":["fonts/arial.ttf"],"fonts/even.ttf":["fonts/even.ttf"],"fonts/farbod.ttf":["fonts/farbod.ttf"],"fonts/hakm.ttf":["fonts/hakm.ttf"],"fonts/shoroq.ttf":["fonts/shoroq.ttf"],"fonts/tahoma.ttf":["fonts/tahoma.ttf"],"images/.DS_Store":["images/.DS_Store"],"images/12.jpg":["images/12.jpg"],"images/13.jpg":["images/13.jpg"],"images/21.png":["images/21.png"],"images/5425330.png":["images/5425330.png"],"images/ahwal_chakhsy_142.jpg":["images/ahwal_chakhsy_142.jpg"],"images/ahwal_chakhsy_2.jpg":["images/ahwal_chakhsy_2.jpg"],"images/another_style1.jpeg":["images/another_style1.jpeg"],"images/buy.png":["images/buy.png"],"images/c_bar.png":["images/c_bar.png"],"images/cheating.png":["images/cheating.png"],"images/check_son.png":["images/check_son.png"],"images/dicorce_home.png":["images/dicorce_home.png"],"images/divorxe.png":["images/divorxe.png"],"images/empty_bag.png":["images/empty_bag.png"],"images/hadana.png":["images/hadana.png"],"images/high_court.png":["images/high_court.png"],"images/lawyer.png":["images/lawyer.png"],"images/man_gift.png":["images/man_gift.png"],"images/marry_contract.png":["images/marry_contract.png"],"images/mgls_dola.png":["images/mgls_dola.png"],"images/pls_wait.jpg":["images/pls_wait.jpg"],"images/question_1.png":["images/question_1.png"],"images/question_2.png":["images/question_2.png"],"images/sexual_harassment.png":["images/sexual_harassment.png"],"images/shopping_cart.png":["images/shopping_cart.png"],"images/stealing.png":["images/stealing.png"],"images/the_last.png":["images/the_last.png"],"images/tombstone.png":["images/tombstone.png"],"images/underage_mary.jpg":["images/underage_mary.jpg"],"images/wallet.png":["images/wallet.png"],"images/wedding.png":["images/wedding.png"],"packages/cupertino_icons/assets/CupertinoIcons.ttf":["packages/cupertino_icons/assets/CupertinoIcons.ttf"],"packages/flutter_inappwebview/assets/t_rex_runner/t-rex.css":["packages/flutter_inappwebview/assets/t_rex_runner/t-rex.css"],"packages/flutter_inappwebview/assets/t_rex_runner/t-rex.html":["packages/flutter_inappwebview/assets/t_rex_runner/t-rex.html"],"packages/flutter_inappwebview_web/assets/web/web_support.js":["packages/flutter_inappwebview_web/assets/web/web_support.js"],"packages/youtube_player_flutter/assets/speedometer.webp":["packages/youtube_player_flutter/assets/speedometer.webp"],"servies_images/amana_wezra.png":["servies_images/amana_wezra.png"],"servies_images/balance.png":["servies_images/balance.png"],"servies_images/cbi.png":["servies_images/cbi.png"],"servies_images/contarrrr.png":["servies_images/contarrrr.png"],"servies_images/document.png":["servies_images/document.png"],"servies_images/high_court.png":["servies_images/high_court.png"],"servies_images/iraq.png":["servies_images/iraq.png"],"servies_images/malya.png":["servies_images/malya.png"],"servies_images/notebook.png":["servies_images/notebook.png"],"servies_images/revleition_mgls.png":["servies_images/revleition_mgls.png"],"servies_images/setting_icon.jpeg":["servies_images/setting_icon.jpeg"],"servies_images/solta.png":["servies_images/solta.png"],"servies_images/the_bag.png":["servies_images/the_bag.png"],"servies_images/whatsapp.png":["servies_images/whatsapp.png"]}