[{"family":"MaterialIcons","fonts":[{"asset":"fonts/MaterialIcons-Regular.otf"}]},{"family":"aaaa","fonts":[{"asset":"fonts/Almarai-Bold.ttf"},{"asset":"fonts/Almarai-ExtraBold.ttf"},{"asset":"fonts/Almarai-Light.ttf"},{"asset":"fonts/Almarai-Regular.ttf"}]},{"family":"MyFlutterApp","fonts":[{"asset":"fonts/MyFlutterApp.ttf"}]},{"family":"bbbb","fonts":[{"asset":"fonts/arial-bold.ttf"},{"asset":"fonts/arial.ttf"}]},{"family":"cccc","fonts":[{"asset":"fonts/tahoma.ttf"}]},{"family":"dddd","fonts":[{"asset":"fonts/alfont.ttf"}]},{"family":"farbod","fonts":[{"asset":"fonts/farbod.ttf"}]},{"family":"hakm","fonts":[{"asset":"fonts/hakm.ttf"}]},{"family":"ithra","fonts":[{"asset":"fonts/NotoSansArabic-Black.ttf"},{"asset":"fonts/NotoSansArabic-Regular.ttf"},{"asset":"fonts/NotoSansArabic-Bold.ttf"}]},{"family":"shoroq","fonts":[{"asset":"fonts/shoroq.ttf"}]},{"family":"even","fonts":[{"asset":"fonts/even.ttf"}]},{"family":"arabicfont","fonts":[{"asset":"fonts/arabicfont.ttf"}]},{"family":"arabnormal","fonts":[{"asset":"fonts/arab_normal.ttf"},{"asset":"fonts/arab_bold.ttf"}]},{"family":"packages/cupertino_icons/CupertinoIcons","fonts":[{"asset":"packages/cupertino_icons/assets/CupertinoIcons.ttf"}]}]